"Question","Answer"
"青蒿素的结构特征与药理作用有何关联？","青蒿素是含有过氧键（-O-O-）的倍半萜内酯，该过氧键使其具有较强的氧化性，正是其能高效抗疟的关键结构。"
"金属的活动性顺序与金属元素电离能的大小顺序为何不完全一致？","第一电离能衡量的是气态孤立原子失去电子的难易；而金属活动性顺序是在水溶液中发生的，还包含了金属原子升华、离子水合等过程的能量变化（即受水合能等综合影响）。"
"滴滴涕（DDT）为何被广泛禁用？","虽然是有效的杀虫剂，但由于其结构非常稳定极难在自然界降解，且具有脂溶性，极易通过食物链产生生物富集，严重危害生态和人类健康。"
"什么是电子亲和能？","气态基态原子获得一个电子形成气态阴离子时所释放的能量。它能反映该元素得电子能力的强弱。"
"什么是非糖甜味剂？","不是糖类（不含糖类的基本结构）但具有甜味的化合物质。如糖精钠、阿斯巴甜、甜蜜素等，通常用于低热量代糖食品。"
"元素周期表中有关规律如何图解？","主族元素从左到右：原子半径减小，第一电离能、电负性增加，非金属性增强；从上到下：原子半径增大，第一电离能、电负性减小，金属性增强。"
"常见的环境问题（如酸雨、温室效应、臭氧空洞）分别是由什么主要引发的？","酸雨：SO₂和氮氧化物；温室效应：CO₂和CH₄；臭氧层空洞：氟氯代烷（氟利昂）和氮氧化物；赤潮水华：富含N、P的生活污水。"
"典型有机物中常见的化学键类型？","所有单键均为σ键；双键由1个σ键和1个π键组成（如乙烯、羰基）；三键由1个σ键和2个π键组成（如乙炔、氰基）。"
"什么是绿色化学的基本原则？","核心是“从源头上消除污染”。比如采用无毒无害原料、实现原子经济性（反应物的原子100%转化为目标产物，如加成、加聚等）。"
"什么是等电子原理及应用？","原子总数相同且价电子总数（或电子总数）相同的分子或离子互为等电子体。等电子体通常具有相似的立体构型和化学键类型（如N₂和CO，CH₄和NH₄⁺）。"
"内能与焓有什么联系与区别？","内能是体系中所有微观粒子的动能和势能的总和；焓是一个热力学状态函数（H = U + pV），在恒压条件下，体系的焓变（ΔH）恰好等于反应所吸收或放出的热量。"
"什么是分子光谱？","分子在不同能级间跃迁所产生的光谱。包括红外光谱（查明化学键或官能团种类）和紫外光谱等，是测定分子结构的常用物理方法。"
"氢能的优缺点是什么？","优点：热值高，燃烧产物是水，完全无污染，属于理想绿色能源。缺点：制备成本高，储存、运输（如高压液化或储氢合金）技术要求高且存在安全挑战。"
"如何判断中心原子的轨道杂化类型？","根据中心原子形成的σ键数和孤对电子对数求和：和为4则sp³杂化，和为3则sp²杂化，和为2则sp杂化。"
"热化学循环（如含硫物质循环）实现太阳能转化有何意义？","避免通过直接高温水分解（需要极高温度），而是利用系列化学反应在偏低温度下通过吸收太阳能循环制得H₂，将太阳能转化为氢能储存。"
"分子的空间结构与杂化类型有怎样的关系？","sp³：正四面体（0孤对，如CH₄）/三角锥（1孤对，如NH₃）/V形（2孤对，如H₂O）；sp²：平面三角形/V形；sp：直线形。"
"什么是速率方程和速率常数（k）？","速率方程表示反应速率与各反应物浓度的关系（如 v = k[A]^m[B]^n）。k 为速率常数，只与温度和催化剂有关，与浓度无关。"
"范德华力有哪些特征？","广泛存在于分子之间，比化学键弱得多，没有方向性和饱和性，其大小主要取决于分子的相对分子质量和极性大小（相对分子质量越大往往范德华力越大）。"
"催化剂在化学反应历程中的微观作用是什么？","通过改变反应路径，使反应按照活化能较低的新历程进行，从而显著增加了单位体积活化分子数，极大加快了反应速率。"
"为什么水具有反常的高沸点和冰密度异常？","因为水分子间存在较强的氢键。这种氢键导致水在常温常压下是液态（而非气体），同时也使得冰形成特定晶体网状结构、出现体积膨胀（密度比液态水小）。"
"化学反应的历程与能量有什么关系？","反应通常由多个基元反应（过渡态）组成。整个统包的反应热（ΔH）只与反应物和产物能量差有关，而反应能否迅速发生取决于每一步中最高的活化能势垒。"
"如何判断无机含氧酸（如H₂SO₄、HClO等）的酸性强弱？","一般把酸写成 (HO)mXOn 的形式。非羟基氧原子数 n 越大，中心原子 X 的正电性越高，吸引电子能力越强，羟基中的 O-H 键越容易断裂电离出 H⁺，酸性越强。"
"如何用平衡分压计算气相化学平衡常数（Kp）？","用平衡时各气态组分的分压（分压 = 总压 × 体积分数）代替浓度，代入平衡常数表达式的对应乘方即可计算 Kp。"
"什么是准晶体？","内部原子的排列具有一定的有序性（长程定向序），但不具备传统晶体那种平移周期性的固体。表现出传统晶体不允许的宏观旋转对称性（如五次对称）。"
"硫酸工业中二氧化硫的催化氧化有哪些条件控制？","2SO₂ + O₂ ⇌ 2SO₃ (放热)。常压（压强增加转化率提升不大但增加成本），高温（通常400-500℃，催化剂活性最高），使用催化剂（V₂O₅）。"
"典型晶胞（如NaCl、CsCl、CaF₂等）的模型分数坐标有何规律？","可设晶胞的顶角为原点(0,0,0)。体心位于(1/2, 1/2, 1/2)，面心如(1/2, 1/2, 0)，通过相对位置可以判断特定离子的配位数和空间排布。"
"电离度（α）是什么？","已电离的弱电解质浓度与初始浓度的百分比（α = c(已电离) / c(初始) × 100%）。受温度和浓度影响：越稀越电离，越热越电离。"
"天然气水合物（可燃冰）的成分和结构特征是什么？","由水分子借氢键形成笼状结构，将甲烷分子包结在笼内的包含化合物（宿主-客体型超分子）。具有极高能量密度，但开采易引发地质和温室效应灾害。"
"酸碱中和滴定曲线的关键点有哪些？","起点（由待测液初始pH看强弱酸碱）、突跃范围（指示剂变色范围必须落在突跃期内）、计量点（酸碱恰好完全反应时的pH，不一定为7）、过量点（过量引起的pH变化趋于平缓）。"
"碳化硅（SiC，俗称金刚砂）属于哪种晶体类型及其特点？","属于共价晶体，空间网状结构。具有非常高的熔沸点、极大的硬度，常用于制作耐磨材料和切削工具。"
"滴定原理的迁移（氧化还原定、沉淀滴定）的核心是什么？","依然遵循化学计量关系。如用KMnO₄滴定Fe²⁺（无需指示剂，本身紫红色作终点指示）；用AgNO₃滴定Cl⁻（用一定指示剂如K₂CrO₄遇过量Ag⁺生砖红色沉淀为终点）。"
"面心立方最密堆积（fcc）晶胞中的空隙类型及数量？","每一个fcc晶胞含有4个原子，由于原子占据八分之一顶点和二分之一面心。它内部提供 4个正八面体空隙和 8个正四面体空隙。"
"什么是水解平衡常数（Kh）？","描述盐类水解程度大小的常数。对于弱酸根A⁻，Kh = Kw / Ka；对于弱碱阳离子M⁺，Kh = Kw / Kb。同理只与温度有关。"
"金刚石晶胞结构模型的坐标投影图有何特点？","金刚石晶胞内部相当于FCC的基础上穿插入4个碳原子占据小四面体体心位置（如分数坐标在(1/4, 1/4, 1/4)等）。一个晶胞共8个碳原子。"
"蒸干特定不同类型盐溶液的产物如何判断？","易挥发性强酸弱碱盐（如AlCl₃）：由于HCl挥发促进水解，得到Al(OH)₃，灼烧得Al₂O₃；难挥发性酸弱碱盐（如Al₂(SO₄)₃）：蒸干仍得原溶质；亚硫酸钠等：易被氧化，蒸干得硫酸钠。"
"什么是离子液体？","在室温或接近室温下呈现液态的、仅仅由阴阳离子组成的盐类系统。通常不挥发不易燃，作绿色溶剂广泛用于代替传统有机溶剂。"
"影响离子晶体晶胞结构的因素有哪些？","主要受阴阳离子半径之比（即几何因素）以及离子电荷数及其配比的相互影响，决定了常见构型（NaCl型，CsCl型，CaF₂型或闪锌矿型）。"
"油脂与矿物油有什么区别？","油脂（动物脂肪和植物油）：属于高级脂肪酸甘油酯，会发生皂化反应（水解）；矿物油（如汽油、凡士林）：属于多种烃的混合物，不能发生皂化水解反应。"
"离子晶体中的配位数规律是什么？","配位数指一个离子周围紧邻的异号离子的数目。阴阳离子的配位数之比与其在化学式中的原子个数比成反比（例如CaF₂中Ca配位数为8，F为4；NaCl均为6）。"
"氨、胺、酰胺和铵盐的区别和联系？","氨(NH₃)是无机气体；胺(R-NH₂)是取代后含氨基的有机物具有弱碱性；酰胺(-CONH-)含有肽键多偏中性；铵盐(NH₄⁺)是含阳离子构成的离子化合物。"
"血红蛋白中的配位键有什么生物意义？","血红蛋白的中心是Fe²⁺，能与氧气分子中的特定原子间形成不稳定的配位键从而输送氧气。若遇到CO（配位能力极强），会不可逆占据位置导致煤气中毒。"
"有机合成题目中常见的“隐性条件”（信息给定）往往考什么？","往往提供某陌生不饱和键的加成或断裂产物、特定催化合成醛酮的副反应路线等，需灵活套用规律，将给定方程“依葫芦画瓢”地应用于题目的碳链变换上。"
"什么是螯合物（络合物的一种）？","配体中含有两个或两个以上能提供孤对电子的原子，且同时与同一个中心离子相配位形成的环状配位化合物，通常比普通单齿配合物更稳定。"
"解答有机推断题的关键“突破口”通常分为哪三种？","1. 反应条件突破（如浓H₂SO₄/加热提示酯化或消去，NaOH水溶液/加热提示水解等）；2. 分子量或比例及原子特征比例；3. 特定显色（如FeCl₃显色证明酚）。"
"什么是超原子（Superatom）？","由多个原子组成的团簇，其外部电子排布和化学性质与元素周期表中极化性质相似的某些单一原子类似（例如某团簇可能拥有类似碱金属或卤素的反应特性）。"
"蛋白质对人体健康为何重要？性质上如何受到损害？","一切细胞和组织的基石。高温、重金属盐、强酸、强碱、酒精等能使得蛋白质空间结构破坏失去生物活性，这就是不可逆的蛋白质变性。"
"有机结构中的根、基、官能团定义之辨析？","基：电中性的原子团（如-CH₃, -OH）；根：带电荷的离子（如OH⁻）；官能团：指那些决定有机物主要化学特性特征的基团（不只包含原子团，如双键、三键也是）。"
"加聚反应与缩聚反应的核心比较是什么？","加聚反应的产物只有高聚物，原子利用率100%，单体多含双键；缩聚反应的产生高聚物的同时还伴有小分子（如水）的副产物，单体至少需含2个反应基团（如-COOH和-OH）。"
"确定有机化合物分子式的巧法有哪些？","通常通过燃烧产物（CO₂和H₂O的摩尔比例）得到通式，再结合相对分子质量（如质谱给出的质荷比最大值，或者气体的相对密度）算准具体的原子个数。"
"高分子材料的结构有哪些，对其性能有什么影响？","线型结构（可溶解、热塑性，例如普通聚乙烯）、支链型结构及体型网状结构（不溶不熔、热固性，例如酚醛树脂）。网状越密越硬脆。"
"现代化学测定并确定有机物结构的其他常用方法（四大图谱）分别是什么？","质谱(MS，测分子量)，红外光谱(IR，测化学键和官能团)，核磁共振氢谱(NMR，测等效氢种类和比例)，X射线衍射(测晶体空间三维结构)。"
"常见的合成橡胶及其单体、特点？","如顺丁橡胶（以1,3-丁二烯为单体）、氯丁橡胶（加聚合反应）。合成橡胶往往带有未饱和的双键，可进行硫化形成空间网状从而提高弹性和耐磨性。"
"什么是环烷烃（如环己烷）？","碳骨架首尾相连形成环的饱和烃。通式为 CnH2n (n≥3)。和同碳原子数的单烯烃互为同分异构体，主要性质同样偏向于单键典型的稳定取代反应。"
"化学实验核心操作中的几个典型“不能”？","不能把水倒入浓硫酸中；不能在量筒中稀释或溶解；不能将带有药品的滴管平放或倒置；不能直接把氢氧化钠固体放在纸上称量；不能在未经预热的试管集中强制加热。"
"烧烃（确认为烷烃）的结构特征是什么？","碳原子之间全部以单键相连且剩余价键被氢原子饱和的开链烃，空间为锯齿形骨架，碳均为sp³杂化。"
"化学实验中的典型“先与后”？","点燃可燃性气体前先验纯后点燃；拆卸倒吸装置时先撤导管后撤酒精灯；制备气体组装时先下后上、先左后右并先检查气密性后装药。"
"烷烃（脂肪烃）与氯气的光照取代反应有何规律机理？","自由基链式反应历程。生成物为多重氯代物的混合物和HCl。随着反应物比例不同，一氯至多氯代烃的产出成分各不相同。"
"化学实验安全操作中的六防范？","防爆炸（验纯），防暴沸（加沸石/碎瓷片），防倒吸（导管边缘/安全瓶），防中毒（尾气吸收），防失火（易燃物远离明火），防烧伤或腐蚀。"
"烯烃被酸性KMnO₄氧化时的产物规律是什么？","断开碳碳双键：如果碳上带有两个H，氧化成CO₂；如果碳上带有一个H和烷基，氧化成对应的羧酸；如果碳上带两个烷基，不能继续氧化而生成对应的酮。"
"常见化学实验安全装置举例及其原理？","安全瓶（集气瓶短进长出）防倒吸；倒置漏斗（对于极易溶气体）增大吸收面积防倒吸；防暴沸：蒸馏烧瓶中投放沸石使得中心汽化平稳。"
"如何利用通式进行复杂的烃燃烧计算？","利用万能通式 CxHy + (x+y/4)O₂ → xCO₂ + (y/2)H₂O 建立联系。通过混合气体积缩减情况或耗氧量来迅速反求 x、y 的值。"
"气体制备实验装置创新的主要类型方向？","启普发生器原理的简易化改造（带止水夹使其随开随用，随关随停）；安全与环保一体化；双连管封闭制取防止污染环境等。"
"烯烃不对称加成的“马氏规则”（Markovnikov规则）是什么？","当不对称烯烃（如丙烯）和试剂HX加成时，H原子主要加到含氢原子较多的不仅取代度较低的双键碳原子上（即生成更稳定的碳正离子中间体）。"
"实验中常用到的特殊装置及其意义？","如索氏提取器（使得萃取剂连续回流提取，提高效率和溶剂利用率）；冷凝管（使蒸汽冷凝回流，蒸气和冷却水反向对流最有效）。"
"有机合成基础：什么是双烯合成（Diels-Alder反应）？","共轭双烯烃（如1,3-丁二烯）与含有双键/三键的亲双烯体（如乙烯衍生物）发生环加成反应，生成六元环状化合物，是重要的构环方法。"
"苯的同系物的命名法则？","以苯环作为母体，依侧链为取代基；若侧链较长且含有双键等其他官能团时，则将苯环视为取代基，主链依据最长碳链法则及双键优先。"
"怎样计算并使用有机分子的不饱和度（缺氢指数，Ω）？","Ω = C原子数 + 1 - H原子数/2 + N原子数/2（忽略氧及硫，卤素视同氢）。Ω=1代表有一个双键或环，Ω=2代表三键或两个双键等；苯环Ω=4。用于推测同分异构体。"
"卤代烃发生水解反应与消去反应条件的有何分别与本质区别？","条件区分极严：强碱(NaOH)的【水溶液】中加热发生水解得到醇（取代反应）；强碱(NaOH)的【醇溶液】中加热，由于醇不易电离出氢提供强碱性环境脱去HX分子发生消去得到烯。"
"醇的空间结构与其性质的关系？","由于羟基(-OH)的氢与相邻分子的氧形成氢键，醇的沸点显著高于同级碳骨架烷烃分子。水溶性因与水混溶而随烷基碳数增大显著降低。"
"有机物中不同基团之间（结构间的相互影响）有什么实例体现？","例如甲苯：由于甲基推电子效应，导致苯环更容易发生取代反应产生三硝基甲苯；同时由于苯环吸电子大π共轭，使甲基C-H变活泼，易被高锰酸钾氧化。"
"甲醛（HCHO）的结构与化学特性有什么不同？","是最简单的醛。分子可视作带有两端相同的假性醛基结构，它不仅容易发生银镜反应，由于反应当量为其它单醛的两倍，常可以用来作定量鉴别依据。也容易发生毒理学上的蛋白质交联变性。"
"为什么醛类被认为是有机含氧衍生物相互转化中的桥梁？","因为它两边“牵挂”：它可以被还原物质（加H₂还原）成醇，也可以被氧化剂氧化（加氧氧化）成羧酸，是推断题中最经典的枢纽过渡产物。"
"有机合成题中常常给予的关于“醛”的特殊信息是什么反应？","常遇到羟醛缩合信息的给定（Aldol反应）：两分子含有α-氢的原醛/酮在碱性条件下脱水缩聚，生成含有一个新双键或羟基大分子，是构建新C-C键的重点信息。"
"甲酸（HCOOH）的超强特性及其化学性质的体现？","它的独特在于既包含完整的羧基，又等同于含有一个隐藏的醛基。故既能表现酸性且具备酯化特性，又能像醛一样发生银镜反应表现强还原性。"
"系统比较醇、酚、羧酸分子中羟基(-OH)氢原子的活泼性？","依据能不能电离产生氢离子及其反应对象：羧酸（反应Na, NaOH, NaHCO₃呈酸性） ＞ 酚（反应Na, NaOH，但酸性极弱不反应NaHCO₃） ＞ 醇（不能表现酸性只微弱和活泼单质Na反应并置换出H₂）。"
"酯化反应都有哪些“形形色色”的变化模型？","不仅有无机酸（如硝酸）和醇酯化，更包括多元醇与多元酸的复杂化：同一分子内羟基与酸成环状内酯；多分子间成线型的高分子聚酯（缩聚反应）。"
"生产生活中利用氧化还原反应原理的例子有哪些？","电池储能、工业电解精炼或提纯、防腐蚀电化学阴极保护、燃烧提供动力、印染以及使用高锰酸钾或氯水环境杀菌消毒等。"
"木炭与浓硫酸反应产物（CO₂, SO₂, H₂O）应如何实验验证设计流向？","首先通过无水CuSO₄验证出水；然后通入品红溶液验证且利用SO₂；继而用足量酸性KMnO₄将其除尽；再次通入品红检查确认除尽；最后通入澄清石灰水验证CO₂使之变浑浊。"
"自然界和急救场合中常用的有效供氧剂是什么原理？","主要是过氧化钠（2Na₂O₂ + 2H₂O / 2CO₂ → 放氧），以及携带双氧水（H₂O₂受催化分解产氧气无残留有害）。潜水艇与宇航服用作氧平衡系统。"
"硫化氢（H₂S）、氢硫酸（其水溶液）与盐的区别与化性？","H₂S是剧毒臭鸡蛋气味气体；它是二元极弱酸，其还原性极强甚至暴露空气即可缓慢析黄（S）。遇到SO₂发生归中反应，是典型的氧化还原归中例证。"
"面对氯气发生泄漏应当采取怎样的初级处置对策和撤离法则？","氯气密度远大过空气并顺风而游。逃亡者应当朝向高处且逆风的地方撤离；可随时用湿毛巾（尤其浸有碳酸钠等碱性弱液体的毛巾）捂住口鼻中和毒气防吸入。"
"高中原电池原理在实际中有什么重要运用与表现？","主要不仅包含自发构建放电电源回路，更能对金属性的排序判别作为判定标准，也是加快反应速率的法宝（粗锌表面无数微小电池加速产生纯氢）及金属抗腐蚀的电学手段。"
"以针对氯气为例，人们认识一种新物质性质的基本研究程序？","核心四阶段：1. 观察外观与物理性质表象； 2. 预测其实验假设（由于结构和类别）； 3. 施加典型试剂和化学反应验证化学性质； 4. 构建本质规律分析与评价应用。"
"水果制作原电池（水果电池）的条件和电流传导基础？","只要取两种活泼性不同的金属（如铜片锌片）插入富含酸性果汁（充当水溶液电解质并有H+能得电还原）的水果中并接导线，即可构成闭合原电池生电。"
"日常生活与医用消毒中，常见的含氯消毒剂种类和应用？","包括“84消毒液”（主要成分次氯酸钠，其有效消毒本质由转化为次氯酸进行强氧化杀菌体现），二氧化氯ClO₂（安全无致癌氯代物，被作为新一代高效纯净自来水杀毒剂）。"
"乙烯对植物有什么具有经济价值的特殊生理催熟作用及应对手段？","它自身具有植物激素的作用能加速果树成熟；但在水果运输时因极易成熟过度而腐烂，必须箱内放置一些还原剂或浸有酸性KMnO₄的多孔基质来吸收移除释放的乙烯以保鲜。"
"高中阿伏加德罗常数（NA相关的陷阱与应用判断）如何规避错误？","严格检查：1. 给定的标准状况下的体积是否为（标准状态下的）气体而非水等；2. 给定同位素的相对质量偏差；3. 可逆反应物转化不彻底造成的原子转移数折算误差；4. 关注微观隐藏如胶体团簇不等同于单个分子数。"
"经典的铝热反应原理及其工程应用（铁轨焊接）？","活泼但还原性极大的铝粉与某不活泼金属氧化物（如氧化铁、氧化铬）混合后利用镁条点燃高温爆发放热的强烈氧化还原（2Al+Fe₂O₃→2Fe+Al₂O₃）。熔化的铁水直接灌注焊接无缝钢轨等。"
"FeCl₃溶液为什么能够用于电脑或工艺上的制作印刷电路板？","基于铜的还原性远强于二价铁，使得Fe³⁺作为一种温和适度的液态强氧化剂能把裸露的覆铜板氧化剥离：2Fe³⁺ + Cu = 2Fe²⁺ + Cu²⁺，达到对指定铜路部分线路精确“蚀刻”的目的。"
"现代工业从海水中提取金属镁的主要工艺路线？","将海水浓缩后加入熟石灰使其转化为难溶的氢氧化镁沉淀剥离出来，再加入盐酸将其复原成氯化镁并结晶，最后熔融状态下电解无水MgCl₂得到镁并回收氯气循环。"
"医学与生活用的常见补铁剂（如硫酸亚铁补血剂）中的考点与特点？","铁主要以低价容易被人体小肠吸收的Fe²⁺形式存在；为了防止被空气中氧气氧化变质或胃酸干扰，经常在药片中配加维生素C（极其廉价的一类强效还原剂进行保护和辅助还原）并带有特殊的防氧化包膜夹层。"
"简述从自然风干干海带中提取单质碘的实验室主流程？","海带灼烧成灰化去除有机物 → 用蒸馏水浸泡过滤取得含可溶性碘化物的水液 → 酸化并加入适量的氧化剂（如H₂O₂）以将I⁻转化为液相中溶解性极低的游离态I₂ → 加入四氯化碳等有机溶剂来“萃取”集中并分液。"
"考古常用的“碳-14 断代测年法”原理解析？","自然界中的放射性同位素 C-14 由于其本身的衰变周期时间较长且存在固定半衰期；活着的生物与大气交换C-14并达到微观比率平衡；死后的C-14会停止外界随时间固定衰退流失不再补充。测其比率即知死去年代。"
"工业化如何进行烟气脱硫及其重大环保经济意义？","火力发电释放大量危害环境形成酸雨的SO₂。通过采用廉价的“钙基固硫”（生石灰吸收并利用氧气转化氧化为稳定的化合物）将其变成可以建筑及石膏工业利用的硫酸钙（CaSO₄渣滓）。"
"运用元素在周期表的“位、构、性”的关系，如何具体结合实际应用找材料？","从周期表分界点去寻找并发现材料宝库：在金属跟非金属交界线上可寻找半导体材料；在氟氮氧氯及相关上寻找具有高强氧化性和活性的灭菌物质或是造农药；在过渡元素块中探寻良优性能的新金属催化剂等。"
"处理重度工厂废水的常用核心化学方法及逻辑？","1. 沉淀法（加沉降碱液对于铅铬汞重金属极难溶分离）；2. 中和反应法（酸碱废水倒排时进行无害中和调整）；3. 氧化还原法（针对特别难以中和及剧毒氰化物，将其投射氯气或电解进行降解无毒气放逃）。"
"被称为人类历史贡献最伟大的“合成氨生产”的工业流程探究及条件平衡综合？","N₂+3H₂⇌2NH₃(放热减压反应)。为追求折中化：高压有利但不合乎工业能耗故选用中高压（20-50MPa间）；低温能推动产量但也极慢故使用铁催化并辅以高工作温标500℃左右；且生成的液化氨不断抽离逼迫平衡向右强行平移。"
"为何医院使用不反应不消化的有毒重金属化合物“硫酸钡”作消化道钡餐造影透视材料？","钡离子自身极剧毒，但因为天然的沉淀极不消化——不溶于水同时也极为极其完全不溶于强悍的胃酸盐酸。进入并附着在肠胃间它完全不漏解游散但能将X射电吸收拦截下来呈现白色的影像进行脏器构造反馈且随粪便绝对安全排卸。"
"日常生活与制造业中，卤代烃在生产生活中的“多反思双刃”应用总结？","作为绝佳而无可替代的不溶水纯有机深解剂溶解能力好而且多半安全不易燃，例如清洗电路及洗衣干洗；也是造冷媒剂氟利昂的不二之选但正由于它到达平流层的破坏性，逐步逼使科研以全面找寻和研发氟氯替换环保型物料应对。"
